id;transaction_date;transaction_state;note;message
1;2020-08-18;PENDING;Specialist;reboot Clothing index
2;2020-08-18;PROCESSED;TCP;Hawaii bluetooth Mobility
3;2020-08-18;PROCESSED;Ford Group Lakes;Tasty Steel Chips Bedfordshire architecture
4;2020-08-18;PENDING;Plains Incredible Baby;Shirt JSON
5;2020-08-18;PENDING;Executive;Clothing backing up
6;2020-08-18;PENDING;monetize array Unbranded Steel Pizza;Norfolk Island Wooden Borders
7;2020-08-17;PROCESSED;payment;copying
8;2020-08-18;PENDING;input success Connecticut;Berkshire index
9;2020-08-18;PENDING;bypass well-modulated Automated;Future Cotton
10;2020-08-18;PROCESSED;Russian Ruble;Credit Card Account Orchestrator
